objectid,subject,filename,title,format,LEGALNAME,ALTNAME,AKADBA,ADSTREET,ADCITY,ADSTATE,ADZIP,ADZIP5,PHSTREET,PHCITY,PHSTATE,PHZIP,PHZIP5,PHONE,WEBURL,IRS_NAME15,TAXPER15,INCOMECD15,INCOME15,REVENUE15,IRS_STREET15,IRS_CITY15,IRS_STATE15,IRS_ZIP15,RULEDATE15,IPEDS,INSTNAME,INSTCITY,INSTST,LONGITUDE,LATITUDE,AAMREG,BEAREG,LOCALE4,FIPSST,FIPSCO,GSTREET,GCITY,GSTATE,GZIP,GZIP5
8403602197,HSC,demo_001.jpg,PHILADELPHIA HISTORICAL SOCIETY,image/jpeg,PHILADELPHIA HISTORICAL SOCIETY,,,64 MAIN STREET,PHILADELPHIA,NY,13673,13673,,,,,,,,PHILADELPHIA HISTORICAL SOCIETY,201312,0,0,0,64 MAIN STREET,PHILADELPHIA,NY,13673-0000,201102,,,,,-75.70492,44.15939,2,2,4,36,45,64 MAIN STREET,PHILADELPHIA,NY,13673-0000,13673
8404200163,HSC,demo_001.jpg,LEMON HILL MANSION,image/jpeg,FRIENDS OF LEMON HILL,,,LEMON HILL DRIVE,PHILADELPHIA,PA,19130,19130,SEDGLEY DRIVE & LEMON HILL DR,PHILADELPHIA,PA,19130,19130,2152324337,HTTP://WWW.LEMONHILL.ORG/,FRIENDS OF LEMON HILL,201403,0,0,0,149 SPLITRAIL LN,BLUE BELL,PA,19422-2469,199907,,,,,-75.17146,39.96687,2,2,1,42,,SEDGLEY DRIVE & LEMON HILL DR,PHILADELPHIA,PA,19130,19130
8404200165,HSC,demo_001.jpg,HISTORIC STRAWBERRY MANSION,image/jpeg,COMMITTEE OF 1926,,,2450 STRAWBERRY MANSION DR,PHILADELPHIA,PA,19132,19132,2450 STRAWBERRY MANSION DR,PHILADELPHIA,PA,19132,19132,2152288364,HTTP://WWW.HISTORICSTRAWBERRYMANSION.ORG,COMMITTEE OF 1926,201403,5,534523,190741,PO BOX 539,MOORESTOWN,NJ,08057-0539,195303,,,,,-75.18631,39.99315,2,2,1,42,101,2450 STRAWBERRY MANSION DR,PHILADELPHIA,PA,19132,19132
8404200178,HSC,demo_001.jpg,JAPANESE HOUSE AND GARDEN,image/jpeg,FRIENDS OF THE JAPANESE HOUSE AND GARDEN,,SHOFUSO JAPANESE HOUSE AND GARDEN,4700 STATES DRIVE,PHILADELPHIA,PA,19131,19131,4700 STATES DRIVE,PHILADELPHIA,PA,19131,19131,2158785097,HTTP://WWW.JAPANESEHOUSE.ORG,FRIENDS OF THE JAPANESE HOUSE AND GARDEN,201312,4,239591,231476,5070 PARKSIDE AVENUE SUI,PHILADELPHIA,PA,19131-4747,198306,,,,,-75.21948,39.98278,2,2,1,42,101,4700 STATES DRIVE,PHILADELPHIA,PA,19131,19131
8404200187,HSC,demo_001.jpg,FOUNDER'S HALL-STEPHEN GIRARD COLLECTION,image/jpeg,FOUNDER'S HALL-STEPHEN GIRARD COLLECTION,,,2101 S COLLEGE AVENUE,PHILADELPHIA,PA,19121,19121,2101 SOUTH COLLEGE AVENUE,PHILADELPHIA,PA,19121,19121,2157872600,HTTP://WWW.GIRARDCOLLEGE.EDU/PAGE.CFM?P=1,,,,,,,,,,,,,,,-75.17119,39.97523,2,2,1,42,101,2101 SOUTH COLLEGE AVENUE,PHILADELPHIA,PA,19121,19121
8404200419,HSC,demo_001.jpg,FORT MIFFLIN ON THE DELAWARE,image/jpeg,FORT MIFFLIN ON THE DELAWARE,,,1 FORT MIFFLIN RD,PHILADELPHIA,PA,19153-3901,19153,82 FORT MIFFLIN ROAD,PHILADELPHIA,PA,19153-3901,19153,2156854167,HTTP://WWW.FORTMIFFLIN.US/,FORT MIFFLIN ON THE DELAWARE,201311,4,241573,215722,1 FORT MIFFLIN RD,PHILADELPHIA,PA,19153-3901,198612,,,,,-75.21034,39.89344,2,2,1,42,101,82 FORT MIFFLIN ROAD,PHILADELPHIA,PA,19153-3901,19153
8404201685,HSC,demo_001.jpg,FAIRMOUNT WATER WORKS,image/jpeg,FUND FOR THE WATER WORKS,,FAIRMOUNT WATER WORKS,PO BOX 21601,PHILADELPHIA,PA,19131-0901,19131,640 WATERWORKS DR,PHILADELPHIA,PA,19131-0901,19131,2156850723,HTTP://FAIRMOUNTWATERWORKS.ORG/SUPPORT/,FUND FOR THE WATER WORKS,201312,3,40148,40148,PO BOX 21601,PHILADELPHIA,PA,19131-0000,199804,,,,,-75.18616,39.9708,2,2,1,42,101,640 WATERWORKS DR,PHILADELPHIA,PA,19131-0901,19131
8404200010,HSC,demo_001.jpg,WOODFORD MANSION,image/jpeg,WOODFORD MANSION,,,2300 N 33RD ST,PHILADELPHIA,PA,19132,19132,,,,,,2152296115,HTTP://WWW.WOODFORDMANSION.ORG,,,,,,,,,,,,,,,-75.16671,39.99498,2,2,1,42,101,2300 N 33RD ST,PHILADELPHIA,PA,19132,19132
8404200040,HSC,demo_001.jpg,THOMAS EAKINS HOUSE,image/jpeg,THOMAS EAKINS HOUSE,,,1729 MOUNT VERNON ST,PHILADELPHIA,PA,19130,19130,,,,,,2152357475,HTTP://WWW.MURALARTS.ORG/,,,,,,,,,,,,,,,-75.16636,39.96536,2,2,1,42,101,1729 MOUNT VERNON ST,PHILADELPHIA,PA,19130,19130
8404200077,HSC,demo_001.jpg,PHILADELPHIA SHIP PRESERVATION GUILD,image/jpeg,PHILADELPHIA SHIP PRESERVATION GUILD,,,301 S COLUMBUS BLVD,PHILADELPHIA,PA,19106,19106,,,,,,2152380280,HTTP://PHILASHIPGUILD.ORG/,PHILADELPHIA SHIP PRESERVATION GUILD,201312,4,166553,166553,301 S COLUMBUS BLVD,PHILADELPHIA,PA,19106-4328,197306,,,,,-75.14229,39.94286,2,2,1,42,101,301 S COLUMBUS BLVD,PHILADELPHIA,PA,19106-4328,19106
8404200088,HSC,demo_001.jpg,PAUL ROBESON HOUSE,image/jpeg,PAUL ROBESON HOUSE,,,4951 WALNUT ST,PHILADELPHIA,PA,19139,19139,,,,,,2154741378,,PAUL ROBESON HOUSE,201212,0,0,0,110 WITHERSPOON ST,PRINCETON,NJ,08542-3224,201303,,,,,-74.66124,40.3529,2,2,2,34,21,110 WITHERSPOON ST,PRINCETON,NJ,08542-3224,8542
8404200143,HSC,demo_001.jpg,LAUREL HILL CEMETERY,image/jpeg,LAUREL HILL CEMETERY,,,3822 RIDGE AVE,PHILADELPHIA,PA,19132-1881,19132,,,,,,,,,,,,,,,,,,,,,,-75.18879,40.00679,2,2,1,42,101,3822 RIDGE AVE,PHILADELPHIA,PA,19132-1881,19132
8404200159,HSC,demo_001.jpg,HISTORIC RITTENHOUSE TOWN,image/jpeg,HISTORIC RITTENHOUSE TOWN,,,206 LINCOLN DRIVE,PHILADELPHIA,PA,19144,19144,,,,,,2154385711,HTTP://RITTENHOUSETOWN.ORG/,,,,,,,,,,,,,,,-75.19197,40.02759,2,2,1,42,101,206 LINCOLN DRIVE,PHILADELPHIA,PA,19144,19144
8404200176,HSC,demo_001.jpg,HISTORICAL SOCIETY OF PENNSLYVANIA,image/jpeg,HISTORICAL SOCIETY OF PENNSLYVANIA,,,1300 LOCUST STREET,PHILADELPHIA,PA,1910,1910,,,,,,2157326200,,,,,,,,,,,,,,,,-75.16272,39.94772,2,2,1,42,101,1300 LOCUST STREET,PHILADELPHIA,PA,1910,1910
8404200212,HSC,demo_001.jpg,HISTORIC BARTRAM'S GARDEN,image/jpeg,JOHN BARTRAM ASSOCIATION,,,54TH STREET AND LINDBERGH BOULEVARD,PHILADELPHIA,PA,19143,19143,,,,,,2157295281,HTTP://BARTRAMSGARDEN.ORG/,JOHN BARTRAM ASSOCIATION,201406,6,1749922,1396052,54TH LINDBERGH BLVD,PHILADELPHIA,PA,19143-0000,197502,,,,,-75.22507,39.94557,2,2,1,42,,54TH LINDBERGH BLVD,PHILADELPHIA,PA,19143-0000,19143
8404200221,HSC,demo_001.jpg,ELFRETH'S ALLEY ASSOCIATION,image/jpeg,ELFRETH'S ALLEY ASSOCIATION,,,126 ELFRETHS ALLEY,PHILADELPHIA,PA,19106,19106,,,,,,2155740560,,,,,,,,,,,,,,,,-75.14228,39.95263,2,2,1,42,101,126 ELFRETHS ALLEY,PHILADELPHIA,PA,19106,19106
8404200247,HSC,demo_001.jpg,CARPENTER'S HALL,image/jpeg,CARPENTER'S HALL,,,320 CHESTNUT STREET,PHILADELPHIA,PA,19106,19106,,,,,,2159250167,,,,,,,,,,,,,,,,-75.14635,39.94858,2,2,1,42,101,320 CHESTNUT STREET,PHILADELPHIA,PA,19106,19106
8404200267,HSC,demo_001.jpg,AMERICAN SWEDISH HISTORICAL MUSEUM,image/jpeg,AMERICAN SWEDISH HISTORICAL MUSEUM,,,1900 PATTISON AVENUE,PHILADELPHIA,PA,19145,19145,,,,,,2153891776,,,,,,,,,,,,,,,,-75.18187,39.90633,2,2,1,42,101,1900 PATTISON AVENUE,PHILADELPHIA,PA,19145,19145
8404200310,HSC,demo_001.jpg,RED MONASTERY PROJECT,image/jpeg,RED MONASTERY PROJECT INC,,,10 S LETITIA ST 203,PHILADELPHIA,PA,19106-3025,19106,,,,,,,,RED MONASTERY PROJECT INC,201312,2,11456,11456,10 SOUTH LETITIA ST APT,PHILADELPHIA,PA,19106-3025,200709,,,,,-75.14327,39.94937,2,2,1,42,101,10 SOUTH LETITIA ST APT,PHILADELPHIA,PA,19106-3025,19106
8404200316,HSC,demo_001.jpg,MILFORD HISTORICAL SOCIETY TRUST UA 9519001900,image/jpeg,MILFORD HISTORICAL SOCIETY TRUST UA 9519001900,,,101N INDEPENDENCE MALL E MACY 1,PHILADELPHIA,PA,19106,19106,,,,,,,,MILFORD HISTORICAL SOCIETY TRUST UA 9519001900,201404,3,65399,46955,34 HIGH ST,MILFORD,CT,06460-4732,198804,,,,,-73.05651,41.21825,1,1,1,9,9,34 HIGH ST,MILFORD,CT,06460-4732,6460
8404200397,HSC,demo_001.jpg,OLDE FORT MIFFLIN HISTORICAL SOCIETY,image/jpeg,OLDE FORT MIFFLIN HISTORICAL SOCIETY INC,,,4335 OSAGE AVE,PHILADELPHIA,PA,19104,19104,,,,,,,,OLDE FORT MIFFLIN HISTORICAL SOCIETY INC,201406,0,0,0,4335 OSAGE AVE,PHILADELPHIA,PA,19104-3905,198803,,,,,-75.21002,39.95098,2,2,1,42,101,4335 OSAGE AVE,PHILADELPHIA,PA,19104-3905,19104
8404200413,HSC,demo_001.jpg,DESHLER MORRIS HOUSE,image/jpeg,DESHLER MORRIS HOUSE COMMITTEE INC,,,5442 GERMANTOWN AVENUE,PHILADELPHIA,PA,19144-2224,19144,,,,,,,,DESHLER MORRIS HOUSE COMMITTEE INC,201312,0,0,0,5442 GERMANTOWN AVE,PHILADELPHIA,PA,19144-2224,201201,,,,,-75.17284,40.03407,2,2,1,42,101,5442 GERMANTOWN AVE,PHILADELPHIA,PA,19144-2224,19144
8404200424,HSC,demo_001.jpg,AMERICAN WOMENS HERITAGE SOCIETY,image/jpeg,AMERICAN WOMENS HERITAGE SOCIETY,,,2000 BELMONT MANSION DR,PHILADELPHIA,PA,19131-3713,19131,,,,,,,HTTP://WWW.BELMONTMANSION.ORG,AMERICAN WOMENS HERITAGE SOCIETY,201306,4,123240,123240,2000 BELMONT MANSION DR,PHILADELPHIA,PA,19131-3713,198803,,,,,-75.21289,39.99183,2,2,1,42,101,2000 BELMONT MANSION DR,PHILADELPHIA,PA,19131-3713,19131
8404200437,HSC,demo_001.jpg,HISTORICAL SOCIETY OF PENNSYLVANIA,image/jpeg,HISTORICAL SOCIETY OF PENNSYLVANIA,HISTORICAL SOCIETY OF PENNSYLVANIA,,1300 LOCUST ST,PHILADELPHIA,PA,19107-5661,19107,,,,,,2157326200,HTTP://HSP.ORG/,HISTORICAL SOCIETY OF PENNSYLVANIA,201406,8,10143431,4300581,1300 LOCUST ST,PHILADELPHIA,PA,19107-5661,192812,,,,,-75.16272,39.94772,2,2,1,42,101,1300 LOCUST ST,PHILADELPHIA,PA,19107-5661,19107
8404200449,HSC,demo_001.jpg,AMERICAN PHILOSOPHICAL SOCIETY,image/jpeg,AMERICAN PHILOSOPHICAL SOCIETY,,,104 S 5TH ST,PHILADELPHIA,PA,19106-3387,19106,,,,,,2154403440,HTTP://WWW.APSMUSEUM.ORG,AMERICAN PHILOSOPHICAL SOCIETY,201312,8,34172009,17265388,104 S 5TH ST,PHILADELPHIA,PA,19106-3309,193411,,,,,-75.14928,39.94898,2,2,1,42,101,104 S 5TH ST,PHILADELPHIA,PA,19106-3309,19106
8404200452,HSC,demo_001.jpg,GERMAN SOCIETY OF PENNSYLVANIA,image/jpeg,GERMAN SOCIETY OF PENNSYLVANIA,,,611 SPRING GARDEN ST,PHILADELPHIA,PA,19123-3505,19123,,,,,,2156272332,HTTP://WWW.GERMANSOCIETY.ORG,GERMAN SOCIETY OF PENNSYLVANIA,201406,5,737594,737594,611 SPRING GARDEN ST,PHILADELPHIA,PA,19123-3505,194607,,,,,-75.14833,39.96151,2,2,1,42,101,611 SPRING GARDEN ST,PHILADELPHIA,PA,19123-3505,19123
8404200497,HSC,demo_001.jpg,GERMANTOWN MNNNITE HISTORIC TRUST,image/jpeg,GERMANTOWN MENNONITE HISTORIC TRUST,,,6133 GERMANTOWN AVE,PHILADELPHIA,PA,19144-2046,19144,,,,,,2158430943,HTTP://WWW.MEETINGHOUSE.INFO/,GERMANTOWN MENNONITE HISTORIC TRUST,,0,,,6133 GERMANTOWN AVE,PHILADELPHIA,PA,19144-2046,198406,,,,,-75.17927,40.04163,2,2,1,42,101,6133 GERMANTOWN AVE,PHILADELPHIA,PA,19144-2046,19144
8404200512,HSC,demo_001.jpg,EBENEZER MAXWELL MANSION,image/jpeg,EBENEZER MAXWELL MANSION INC,,,200 W TULPEHOCKEN ST,PHILADELPHIA,PA,19144-3210,19144,,,,,,2154381861,HTTP://EBENEZERMAXWELLMANSION.ORG/,EBENEZER MAXWELL MANSION INC,201312,0,0,0,200 W TULPEHOCKEN ST,PHILADELPHIA,PA,19144-3210,197802,,,,,-75.18473,40.03689,2,2,1,42,101,200 W TULPEHOCKEN ST,PHILADELPHIA,PA,19144-3210,19144
8404200659,HSC,demo_001.jpg,AMERICAN FLAG HOUSE AND BETSY ROSS MEMORIAL,image/jpeg,AMERICAN FLAG HOUSE AND BETSY ROSS MEMORIAL,AMERICAN FLAG HOUSE AND BETSY ROSS MEMORIAL,,239 ARCH ST,PHILADELPHIA,PA,19106-1915,19106,,,,,,2156861252,HTTP://HISTORICPHILADELPHIA.ORG/BETSY-ROSS-HOUSE/WHAT-TO-SEE/,,,,,,,,,,,,,,,-75.14461,39.95228,2,2,1,42,101,239 ARCH ST,PHILADELPHIA,PA,19106-1915,19106
8404200692,HSC,demo_001.jpg,BRIDESBURG HISTORICAL SOCIETY,image/jpeg,BRIDESBURG HISTORICAL SOCIETY,,,2801 BRILL STREET,PHILADELPHIA,PA,19137,19137,,,,,,2157441674,,,,,,,,,,,,,,,,-75.06376,40.00311,2,2,1,42,101,2801 BRILL STREET,PHILADELPHIA,PA,19137,19137
8404200699,HSC,demo_001.jpg,HISTORICAL SOCIETY OF THE UNITED STATES COURT OF APPEALS FOR THE THIRD CIRCUIT,image/jpeg,HISTORICAL SOCIETY OF THE UNITED STATES COURT OF APPEALS 3R,,HISTORICAL SOCIETY OF THE UNITED STATES COURT OF APPEALS 3RD,615 CHESTNUT STREET PO BOX 40007,PHILADELPHIA,PA,19106,19106,,,,,,,,HISTORICAL SOCIETY OF THE UNITED STATES COURT OF APPEALS 3R,201412,0,0,0,601 MARKET STREET,PHILADELPHIA,PA,19106-1729,199109,,,,,-75.15037,39.95082,2,2,1,42,101,601 MARKET STREET,PHILADELPHIA,PA,19106-1729,19106
8404200707,HSC,demo_001.jpg,HISTORIC ST PETERS CHURCH PRESERVATION CORP,image/jpeg,HISTORIC ST PETERS CHURCH PRESERVATION CORP,,,313 PINE ST,PHILADELPHIA,PA,19106-4212,19106,,,,,,2159255968,HTTP://WWW.STPETERSPHILA.ORG,HISTORIC ST PETERS CHURCH PRESERVATION CORP,201312,6,1401073,1315124,313 PINE ST,PHILADELPHIA,PA,19106-4212,199203,,,,,-75.14769,39.94357,2,2,1,42,101,313 PINE ST,PHILADELPHIA,PA,19106-4212,19106
8404200718,HSC,demo_001.jpg,ISLAMIC CULTURAL PRESERVATION & INFORMATION COUNCIL,image/jpeg,ISLAMIC CULTURAL PRESERVATION & INFORMATION COUNCIL,,,4243 LANCASTER AVENUE,PHILADELPHIA,PA,19104-1470,19104,,,,,,,,ISLAMIC CULTURAL PRESERVATION & INFORMATION COUNCIL,201312,4,110915,110915,4243 LANCASTER AVE,PHILADELPHIA,PA,19104-1470,199308,,,,,-75.20876,39.96744,2,2,1,42,101,4243 LANCASTER AVE,PHILADELPHIA,PA,19104-1470,19104
8404200769,HSC,demo_001.jpg,AFRICAN AMERICAN GENEALOGY GROUP,image/jpeg,AFRICAN AMERICAN GENEALOGY GROUP,,,PO BOX 27356,PHILADELPHIA,PA,19118-0356,19118,,,,,,2155726063,HTTP://AAGG.BLACKHOUSECOLLECTIVE.COM/BLOG/,AFRICAN AMERICAN GENEALOGY GROUP,201406,0,0,0,PO BOX 27356,PHILADELPHIA,PA,19118-0356,200103,,,,,-75.20317,40.07268,2,2,1,42,101,PO BOX 27356,PHILADELPHIA,PA,19118-0356,19118
8404200785,HSC,demo_001.jpg,JOHNSON HOUSE HISTORIC SITE,image/jpeg,JOHNSON HOUSE HISTORIC SITE INC,,,6306 GERMANTOWN AVE,PHILADELPHIA,PA,19144-1908,19144,,,,,,2154381768,HTTP://WWW.JOHNSONHOUSE.ORG,JOHNSON HOUSE HISTORIC SITE INC,201312,4,104478,104478,6306 GERMANTOWN AVE,PHILADELPHIA,PA,19144-1908,199702,,,,,-75.18142,40.04391,2,2,1,42,101,6306 GERMANTOWN AVE,PHILADELPHIA,PA,19144-1908,19144
8404200818,HSC,demo_001.jpg,MARIAN ANDERSON HISTORICAL SOCIETY,image/jpeg,MARIAN ANDERSON HISTORICAL SOCIETY,,,762 S MARIAN ANDERSON WAY,PHILADELPHIA,PA,19146,19146,,,,,,2157329505,HTTP://MARIANANDERSONHISTORICALSOCIETY.WEEBLY.COM/,,,,,,,,,,,,,,,-75.17753,39.94032,2,2,1,42,,762 S MARIAN ANDERSON WAY,PHILADELPHIA,PA,19146,19146
8404200840,HSC,demo_001.jpg,LIGHTS OF LIBERTY,image/jpeg,LIGHTS OF LIBERTY INC,,,150 SOUTH INDEPENDENCE MALL WEST NO,PHILADELPHIA,PA,19106-3413,19106,,,,,,,,LIGHTS OF LIBERTY INC,201312,0,0,0,150 SOUTH INDEPENDENCE M,PHILADELPHIA,PA,19106-3413,199904,,,,,-75.14765,39.94998,2,2,1,42,101,150 SOUTH INDEPENDENCE M,PHILADELPHIA,PA,19106-3413,19106
8404200867,HSC,demo_001.jpg,HISTORICAL SOCIETY OF TACONY,image/jpeg,HISTORICAL SOCIETY OF TACONY,,,4819 LONGSHORE AVENUE 2ND FLR,PHILADELPHIA,PA,19135-2333,19135,,,,,,2153382575,HTTP://WWW.HISTORICTACONY.ORG/,HISTORICAL SOCIETY OF TACONY,201312,3,95222,95222,4819 LONGSHORE AVE,PHILADELPHIA,PA,19135-2333,200103,,,,,-75.04164,40.02438,2,2,1,42,101,4819 LONGSHORE AVE,PHILADELPHIA,PA,19135-2333,19135
8404200891,HSC,demo_001.jpg,ROXBOROUGH MANAYUNK WISSAHICKON HISTORICAL SOCIETY,image/jpeg,ROXBOROUGH MANAYUNK WISSAHICKON HISTORICAL SOCIETY,,,6245 RIDGE AVENUE,PHILADELPHIA,PA,19128,19128,,,,,,2156852550,,ROXBOROUGH MANAYUNK WISSAHICKON HISTORICAL SOCIETY,201412,0,0,0,6245 RIDGE AVE,PHILADELPHIA,PA,19128-2630,200912,,,,,-75.21752,40.03651,2,2,1,42,101,6245 RIDGE AVE,PHILADELPHIA,PA,19128-2630,19128
8404200931,HSC,demo_001.jpg,GERMANTOWN HISTORICAL SOCIETY,image/jpeg,GERMANTOWN HISTORICAL SOCIETY,,,5501 GERMANTOWN AVE,PHILADELPHIA,PA,19144,19144,,,,,,2158440514,HTTP://WWW.GERMANTOWNHISTORY.ORG,GERMANTOWN HISTORICAL SOCIETY,201312,3,38144,38144,5501-5505 GERMANTOWN AVE,PHILADELPHIA,PA,19144-0000,194808,,,,,-75.17196,40.03417,2,2,1,42,101,5501-5505 GERMANTOWN AVE,PHILADELPHIA,PA,19144-0000,19144
8404200932,HSC,demo_001.jpg,SWEDISH COLONIAL SOCIETY,image/jpeg,SWEDISH COLONIAL SOCIETY,,,916 S SWANSON ST,PHILADELPHIA,PA,19147-4332,19147,,,,,,2153891513,HTTPS://COLONIALSWEDES.NET/CONTACT-US/,SWEDISH COLONIAL SOCIETY,201312,3,42417,23960,916 S SWANSON ST,PHILADELPHIA,PA,19147-4332,195911,,,,,-75.14338,39.93483,2,2,1,42,101,916 S SWANSON ST,PHILADELPHIA,PA,19147-4332,19147
8404200933,HSC,demo_001.jpg,PHILADELPHIA SOCIETY FOR THE PRESERVATION OF LANDMARKS,image/jpeg,PHILADELPHIA SOCIETY FOR THE PRESERVATION OF LANDMARKS,PHILADELPHIA SOCIETY FOR THE PRESERVATION OF LANDMARKS,,321 S 4TH ST,PHILADELPHIA,PA,19106-4218,19106,,,,,,2159252251,HTTP://WWW.BELLMUSEUM.UMN.EDU/,PHILADELPHIA SOCIETY FOR THE PRESERVATION OF LANDMARKS,201309,6,1410391,1355777,321 S 4TH ST,PHILADELPHIA,PA,19106-4218,193205,,,,,-75.14847,39.94442,2,2,1,42,101,321 S 4TH ST,PHILADELPHIA,PA,19106-4218,19106
8404200934,HSC,demo_001.jpg,AMERICAN CATHOLIC HISTORICAL SOCIETY,image/jpeg,AMERICAN CATHOLIC HISTORICAL SOCIETY OF PHILADELPHIA,,AMERICAN CATHOLIC HISTORICAL SOCIETY OF PHILADELPHIA,263 S 4TH ST,PHILADELPHIA,PA,19106-3819,19106,,,,,,2159255752,HTTP://WWW.AMCHS.ORG,AMERICAN CATHOLIC HISTORICAL SOCIETY OF PHILADELPHIA,201312,4,126963,91105,263 S 4TH ST,PHILADELPHIA,PA,19106-3819,196007,,,,,-75.14827,39.9453,2,2,1,42,101,263 S 4TH ST,PHILADELPHIA,PA,19106-3819,19106
8404200942,HSC,demo_001.jpg,HISTORICAL SOCIETY OF FRANKFORD,image/jpeg,HISTORICAL SOCIETY OF FRANKFORD,HISTORICAL SOCIETY OF FRANKFORD,,1507 ORTHODOX ST,PHILADELPHIA,PA,19124-3605,19124,,,,,,2157436030,HTTP://THEHISTORICALSOCIETYOFFRANKFORD.ORG,HISTORICAL SOCIETY OF FRANKFORD,201312,2,10097,,1507 ORTHODOX ST,PHILADELPHIA,PA,19124-3605,195806,,,,,-75.0867,40.01565,2,2,1,42,101,1507 ORTHODOX ST,PHILADELPHIA,PA,19124-3605,19124
8404200969,HSC,demo_001.jpg,CHESTNUT HILL HISTORICAL SOCIETY,image/jpeg,CHESTNUT HILL HISTORICAL SOCIETY,,,8708 GERMANTOWN AVE,PHILADELPHIA,PA,19118-2717,19118,,,,,,2152470417,HTTP://WWW.CHHIST.ORG/,CHESTNUT HILL HISTORICAL SOCIETY,201406,5,532754,425036,8708 GERMANTOWN AVE,PHILA,PA,19118-2717,196808,,,,,-75.21046,40.07765,2,2,1,42,101,8708 GERMANTOWN AVE,PHILA,PA,19118-2717,19118
8404201046,HSC,demo_001.jpg,JOHN BARTRAM ASSOCIATION,image/jpeg,JOHN BARTRAM ASSOCIATION,,,54TH & LINDBERGH BLVD,PHILADELPHIA,PA,19143,19143,,,,,,2157295281,HTTP://BARTRAMSGARDEN.ORG/,JOHN BARTRAM ASSOCIATION,201406,6,1749922,1396052,54TH LINDBERGH BLVD,PHILADELPHIA,PA,19143-0000,197502,,,,,-75.22507,39.94557,2,2,1,42,,54TH LINDBERGH BLVD,PHILADELPHIA,PA,19143-0000,19143
8404201384,HSC,demo_001.jpg,PHILADELPHIA FOUNTAIN SOCIETY,image/jpeg,PHILADELPHIA FOUNTAIN SOCIETY,,,255 S 7TH ST,PHILADELPHIA,PA,19106-4135,19106,,,,,,,,PHILADELPHIA FOUNTAIN SOCIETY,201312,5,861873,4169,255 S 7TH ST,PHILADELPHIA,PA,19106-4135,200202,,,,,-75.15301,39.94587,2,2,1,42,101,255 S 7TH ST,PHILADELPHIA,PA,19106-4135,19106
8404201477,HSC,demo_001.jpg,OVERSEAS CHINA ANTIQUE PROTECTION ASSOCIATION,image/jpeg,OVERSEAS CHINA ANTIQUE PROTECTION ASSOCIATION,,,110 S 20TH STREET 1ST FLOOR,PHILADELPHIA,PA,19103-4486,19103,,,,,,,,OVERSEAS CHINA ANTIQUE PROTECTION ASSOCIATION,201212,0,0,0,110 S 20TH STREET 1ST FL,PHILADELPHIA,PA,19103-4486,201108,,,,,-75.17382,39.95161,2,2,1,42,101,110 S 20TH STREET 1ST FL,PHILADELPHIA,PA,19103-4486,19103
8404201501,HSC,demo_001.jpg,FIRST TROOP PHILADELPHIA CITY CAVALRY,image/jpeg,FIRST TROOP PHILADELPHIA CITY CAVALRY MILITARY HERITAGE AND,,FIRST TROOP PHILADELPHIA CITY CAVALRY MILITARY HERITAGE AND,22 S 23RD ST,PHILADELPHIA,PA,19103-3004,19103,,,,,,,,FIRST TROOP PHILADELPHIA CITY CAVALRY MILITARY HERITAGE AND,201312,4,225938,220118,22 S 23RD ST,PHILADELPHIA,PA,19103-3004,201107,,,,,-75.17855,39.95325,2,2,1,42,101,22 S 23RD ST,PHILADELPHIA,PA,19103-3004,19103
8404201506,HSC,demo_001.jpg,JOHN COLTRANE HOUSE,image/jpeg,JOHN COLTRANE HOUSE,,,1431 FITZWATER STREET,PHILADELPHIA,PA,19146-2227,19146,,,,,,,HTTP://WWW.JOHNCOLTRANEHOUSE.ORG/,JOHN COLTRANE HOUSE,201306,0,0,0,1431 FITZWATER ST,PHILADELPHIA,PA,19146-2227,201108,,,,,-75.16697,39.94211,2,2,1,42,101,1431 FITZWATER ST,PHILADELPHIA,PA,19146-2227,19146
8404201528,HSC,demo_001.jpg,WOODLANDS TRUST FOR HISTORIC PRESERVATION,image/jpeg,WOODLANDS TRUST FOR HISTORIC PRESERVATION,,,4000 WOODLAND AVE,PHILADELPHIA,PA,19104-4560,19104,,,,,,,,WOODLANDS TRUST FOR HISTORIC PRESERVATION,201403,5,500144,500144,4000 WOODLAND AVE,PHILADELPHIA,PA,19104-4560,199810,,,,,-75.20397,39.94892,2,2,1,42,101,4000 WOODLAND AVE,PHILADELPHIA,PA,19104-4560,19104
8404201529,HSC,demo_001.jpg,EASTERN STATE PENITENTIARY HISTORIC SITE,image/jpeg,EASTERN STATE PENITENTIARY HISTORIC SITE INC,EASTERN STATE PENITENTIARY HISTORIC SITE,,2027 FAIRMOUNT AVE,PHILADELPHIA,PA,19130-2610,19130,,,,,,2155646377,HTTP://WWW.EASTERNSTATE.ORG,EASTERN STATE PENITENTIARY HISTORIC SITE INC,201312,7,7023206,4782773,2027 FAIRMOUNT AVE,PHILADELPHIA,PA,19130-2610,199901,,,,,-75.17085,39.96735,2,2,1,42,101,2027 FAIRMOUNT AVE,PHILADELPHIA,PA,19130-2610,19130
8404201543,HSC,demo_001.jpg,EAST FALLS HISTORICAL SOCIETY,image/jpeg,EAST FALLS HISTORICAL SOCIETY,,,3304 W QUEEN LANE,PHILADELPHIA,PA,19129,19129,,,,,,2158488396,HTTP://EASTFALLSHISTORICALSOCIETY.COM,EAST FALLS HISTORICAL SOCIETY,201404,0,0,0,3304 W QUEEN LN,PHILADELPHIA,PA,19129-1410,200604,,,,,-75.18782,40.01506,2,2,1,42,101,3304 W QUEEN LN,PHILADELPHIA,PA,19129-1410,19129
8404201551,HSC,demo_001.jpg,USS OLYMPIA,image/jpeg,FRIENDS OF THE CRUISER OLYMPIA INC,,,TWO PENN CENTER PLAZA STE 200,PHILADELPHIA,PA,19102-1754,19102,,,,,,,,,,,,,,,,,,,,,,-75.16508,39.95351,2,2,1,42,101,TWO PENN CENTER PLAZA STE 200,PHILADELPHIA,PA,19102-1754,19102
8404201555,HSC,demo_001.jpg,KELPUIS SOCIETY,image/jpeg,KELPUIS SOCIETY,,,PO BOX 15775,PHILADELPHIA,PA,19103-0775,19103,,,,,,,HTTP://KELPIUS.ORG/,KELPUIS SOCIETY,201412,0,0,0,PO BOX 15775,PHILADELPHIA,PA,19103-0775,200607,,,,,-75.17835,39.94712,2,2,1,42,101,PO BOX 15775,PHILADELPHIA,PA,19103-0775,19103
8404201556,HSC,demo_001.jpg,WASHINGTON WEST SQUARE HISTORIC DISTRICT,image/jpeg,WASHINGTON WEST SQUARE HISTORIC DISTRICT,,,345 SOUTH CAMAC STREET,PHILADELPHIA,PA,19107-5941,19107,,,,,,,,WASHINGTON WEST SQUARE HISTORIC DISTRICT,201412,0,0,0,345 S CAMAC ST,PHILADELPHIA,PA,19107-5941,200702,,,,,-75.16197,39.9454,2,2,1,42,101,345 S CAMAC ST,PHILADELPHIA,PA,19107-5941,19107
8404201594,HSC,demo_001.jpg,INDIAN RIVER COMMUNITY ASSOCIATION,image/jpeg,INDIAN RIVER COMMUNITY ASSOCIATION INC,,,303 CHERRY ST,PHILADELPHIA,PA,19106-1803,19106,,,,,,,,INDIAN RIVER COMMUNITY ASSOCIATION INC,,0,,,303 CHERRY ST,PHILADELPHIA,PA,19106-1803,201310,,,,,-75.14555,39.95326,2,2,1,42,101,303 CHERRY ST,PHILADELPHIA,PA,19106-1803,19106
8404201599,HSC,demo_001.jpg,QUESTERS,image/jpeg,QUESTERS INC,,,210 S QUINCE ST,PHILADELPHIA,PA,19107-5534,19107,,,,,,2159235183,HTTP://WWW.QUESTERS1944.ORG,QUESTERS INC,201405,4,339793,336704,210 S QUINCE ST,PHILADELPHIA,PA,19107-5534,196703,,,,,-75.15994,39.9483,2,2,1,42,101,210 S QUINCE ST,PHILADELPHIA,PA,19107-5534,19107
8404201606,HSC,demo_001.jpg,HISTORIAL SOCIETY OF DEL TW HFB,image/jpeg,HISTORIAL SOCIETY OF DEL TW HFB,,,1600 MARKET ST TAX DEAPARTMENT,PHILADELPHIA,PA,19103-7240,19103,,,,,,,,HISTORIAL SOCIETY OF DEL TW HFB,201312,4,278589,68922,1600 MARKET ST TAX DEAPA,PHILADELPHIA,PA,19103-7240,197306,,,,,-75.17835,39.94712,2,2,1,42,101,1600 MARKET ST TAX DEAPA,PHILADELPHIA,PA,19103-7240,19103
8404201667,HSC,demo_001.jpg,PARK HOUSE GUIDES AT THE PHILADELPHIA MUSEUM OF ART,image/jpeg,PARK HOUSE GUIDES AT THE PHILADELPHIA MUSEUM OF ART,,,2601 BEN FRANKLIN PARKWAY,PHILADELPHIA,PA,19130,19130,,,,,,2156847990,HTTP://WWW.PHILAMUSEUM.ORG/,PARK HOUSE GUIDES AT THE PHILADELPHIA MUSEUM OF ART,201406,0,0,0,201 W EVERGREEN AVE APT,PHILADELPHIA,PA,19118-3830,201210,,,,,-75.20656,40.0777,2,2,1,42,101,201 W EVERGREEN AVE APT,PHILADELPHIA,PA,19118-3830,19118
8404201689,HSC,demo_001.jpg,CARLOS ALZUETA MEMORIAL FUND WELLS FARGO BANKNA TRUSTEE,image/jpeg,THE CARLOS ALZUETA MEMORIAL FUND WELLS FARGO BANKNA TRUSTEE,,THE CARLOS ALZUETA MEMORIAL FUND WELLS FARGO BANKNA TRUSTEE,101N INDEPENDENCE MALL,PHILADELPHIA,PA,19106,19106,,,,,,2159731754,HTTPS://WWW.WFHM.COM/LOANS/METROBUILDERPABRANCHPA/INDEX.PAGE,THE CARLOS ALZUETA MEMORIAL FUND WELLS FARGO BANKNA TRUSTEE,201410,4,264818,,1 W 4TH ST 4TH FL,WINSTON SALE,NC,27101-3818,199706,,,,,-80.24402,36.09862,3,5,1,37,67,1 W 4TH ST 4TH FL,WINSTON SALE,NC,27101-3818,27101
8404201690,HSC,demo_001.jpg,SANTA BARBARA HISTORICAL SOCIETY,image/jpeg,SANTA BARBARA HISTORICAL SOCIETY ENDOWMENT FUND,,,101N INDEPENDENCE MALL E,PHILADELPHIA,PA,19106,19106,,,,,,,,SANTA BARBARA HISTORICAL SOCIETY ENDOWMENT FUND,201409,4,423656,59050,1 W 4TH ST 4TH FL MAC D4,WINSTON SALE,NC,27101-3818,197204,,,,,-80.24443,36.09848,3,5,1,37,67,1 W 4TH ST 4TH FL MAC D4,WINSTON SALE,NC,27101-3818,27101
8404201729,HSC,demo_001.jpg,INDEPENDENCE NATIONAL HISTORICAL PARK,image/jpeg,INDEPENDENCE NATIONAL HISTORICAL PARK,,,143 S 3RD STREET,PHILADELPHIA,PA,19106,19106,,,,,,2155979373,,,,,,,,,,,,,,,,-75.14607,39.94796,2,2,1,42,101,143 S 3RD STREET,PHILADELPHIA,PA,19106,19106
8404200072,ART,demo_001.jpg,OLD CITY JEWISH ARTS CENTER,image/jpeg,OLD CITY JEWISH ARTS CENTER,,,119 N 3RD ST,PHILADELPHIA,PA,19106,19106,,,,,,2159231222,HTTP://WWW.JEWISHARTCENTER.COM/CGI-SYS/SUSPENDEDPAGE.CGI,,,,,,,,,,,,,,,-75.14503,39.95267,2,2,1,42,101,119 N 3RD ST,PHILADELPHIA,PA,19106,19106
8404200167,ZAW,demo_001.jpg,INSECTARIUM,image/jpeg,INSECTARIUM,,,8046 FRANKFORD AVE,PHILADELPHIA,PA,19136,19136,,,,,,2153359500,HTTP://INSECTARIUMINSTITUTE.COM/,,,,,,,,,,,,,,,-75.02717,40.04221,2,2,1,42,101,8046 FRANKFORD AVE,PHILADELPHIA,PA,19136,19136
8404200194,HST,demo_001.jpg,GLEN FOERD ON THE DELAWARE,image/jpeg,GLEN FOERD CONSERVATION CORP,,,5001 GRANT AVENUE,PHILADELPHIA,PA,19114,19114,,,,,,2156325330,HTTP://WWW.GLENFOERD.ORG,GLEN FOERD CONSERVATION CORP,201312,4,318500,311882,5001 GRANT AVE,PHILADELPHIA,PA,19114-3154,198603,,,,,-74.98141,40.05178,2,2,1,42,101,5001 GRANT AVE,PHILADELPHIA,PA,19114-3154,19114
8404200328,BOT,demo_001.jpg,HANSBERRY GARDEN & NATURE CENTER,image/jpeg,HANSBERRY GARDEN & NATURE CENTER INC,,,123 WEST APSLEY STREET,PHILADELPHIA,PA,19144,19144,5150 WAYNE AVENUE,PHILADELPHIA,PA,19144,19144,,HTTP://HANSBERRYGARDEN.COM,HANSBERRY GARDEN & NATURE CENTER INC,201312,0,0,0,123 W APSLEY ST,PHILADELPHIA,PA,19144-3601,200407,,,,,-75.1695,40.02628,2,2,1,42,101,5150 WAYNE AVENUE,PHILADELPHIA,PA,19144,19144
8404200409,BOT,demo_001.jpg,AWBURY ARBORETUM,image/jpeg,AWBURY ARBORETUM ASSOCIATION INC,,,1 AWBURY RD,PHILADELPHIA,PA,19138-1505,19138,,,,,,2158492855,HTTP://AWBURY.ORG/,AWBURY ARBORETUM ASSOCIATION INC,201306,4,367246,367246,1 AWBURY RD,PHILADELPHIA,PA,19138-1505,198507,,,,,-75.16904,40.04854,2,2,1,42,101,1 AWBURY RD,PHILADELPHIA,PA,19138-1505,19138
8404200453,ART,demo_001.jpg,PHILADELPHIA MUSEUM OF ART,image/jpeg,PHILADELPHIA MUSEUM OF ART,,,PO BOX 7646,PHILADELPHIA,PA,19101-7646,19101,2600 BENJAMIN FRANKLIN PKWY,PHILADELPHIA,PA,19101-7646,19101,2157638100,HTTP://WWW.PHILAMUSEUM.ORG,PHILADELPHIA MUSEUM OF ART,201306,9,148647035,82564750,PO BOX 7646,PHILADELPHIA,PA,19101-7646,194310,,,,,-75.1794,39.96472,2,2,1,42,101,2600 BENJAMIN FRANKLIN PKWY,PHILADELPHIA,PA,19101-7646,19101
8404200456,SCI,demo_001.jpg,FRANKLIN INSTITUTE,image/jpeg,FRANKLIN INSTITUTE,INCL: FELS PLANETARIUM,,222 N 20TH ST,PHILADELPHIA,PA,19103-1115,19103,,,,,,2154481200,HTTPS://WWW.FI.EDU/,FRANKLIN INSTITUTE,201312,8,46199859,35616050,222 N 20TH ST,PHILADELPHIA,PA,19103-1115,192812,,,,,-75.1724,39.95775,2,2,1,42,101,222 N 20TH ST,PHILADELPHIA,PA,19103-1115,19103
8404200563,CMU,demo_001.jpg,PLEASE TOUCH MUSEUM,image/jpeg,PLEASE TOUCH MUSEUM,,,4231 AVE OF THE REPUBLIC AVE,PHILADELPHIA,PA,19131-3719,19131,,,,,,2155813181,HTTP://WWW.PLEASETOUCHMUSEUM.ORG,PLEASE TOUCH MUSEUM,201309,8,21807887,9514220,4231 AVE OF THE REPUBLIC,PHILADELPHIA,PA,19131-3719,197911,,,,,-75.21214,39.97953,2,2,1,42,101,4231 AVE OF THE REPUBLIC,PHILADELPHIA,PA,19131-3719,19131
8404200571,HST,demo_001.jpg,WYCK HOUSE,image/jpeg,WYCK ASSOCIATION,,,6026 GERMANTOWN AVE,PHILADELPHIA,PA,19144-2112,19144,,,,,,2158481690,,WYCK ASSOCIATION,201312,5,657624,371206,6026 GERMANTOWN AVE,PHILADELPHIA,PA,19144-2112,198008,,,,,-75.17869,40.03972,2,2,1,42,101,6026 GERMANTOWN AVE,PHILADELPHIA,PA,19144-2112,19144
8404200647,HST,demo_001.jpg,NATIONAL CONSTITUTION CENTER,image/jpeg,NATIONAL CONSTITUTION CENTER,,,525 ARCH ST,PHILADELPHIA,PA,19106-1514,19106,,,,,,2154096600,HTTP://CONSTITUTIONCENTER.ORG/,NATIONAL CONSTITUTION CENTER,201409,8,24718196,22443988,525 ARCH ST,PHILADELPHIA,PA,19106-1514,198703,,,,,-75.14882,39.95271,2,2,1,42,101,525 ARCH ST,PHILADELPHIA,PA,19106-1514,19106
8404200749,HST,demo_001.jpg,INSTITUTE FOR BIBLICAL AND SCIENTIFIC STUDIES,image/jpeg,THE INSTITUTE FOR BIBLICAL AND SCIENTIFIC STUDIES,,,2424 E HAGERT ST,PHILADELPHIA,PA,19125-3031,19125,2424 E HAGERT ST,PHILADELPHIA,PA,19125-3031,19125,2154237374,,THE INSTITUTE FOR BIBLICAL AND SCIENTIFIC STUDIES,201312,3,45138,22057,2424 E HAGERT ST,PHILADELPHIA,PA,19125-3031,199504,,,,,-75.12335,39.97821,2,2,1,42,101,2424 E HAGERT ST,PHILADELPHIA,PA,19125-3031,19125
8404200963,HST,demo_001.jpg,ATWATER KENT MUSEUM,image/jpeg,ATWATER KENT MUSEUM,,,15 S 7TH ST,PHILADELPHIA,PA,19106-2313,19106,,,,,,2158431713,HTTP://WWW.PHILADELPHIAHISTORY.ORG,ATWATER KENT MUSEUM,,0,,,15 S 7TH ST,PHILADELPHIA,PA,19106-2313,198207,,,,,-75.15203,39.95035,2,2,1,42,101,15 S 7TH ST,PHILADELPHIA,PA,19106-2313,19106
8404201548,ART,demo_001.jpg,ROMANIAN FOLK ART MUSEUM,image/jpeg,ROMANIAN FOLK ART MUSEUM,,,1606 SPRUCE STREET,PHILADELPHIA,PA,19103,19103,,,,,,,HTTP://ROMANIANCULTURE.US,ROMANIAN FOLK ART MUSEUM,201407,0,0,0,1606 SPRUCE STREET,PHILADELPHIA,PA,19103-6739,198405,,,,,-75.16842,39.94726,2,2,1,42,101,1606 SPRUCE STREET,PHILADELPHIA,PA,19103-6739,19103
8404201650,HST,demo_001.jpg,MUSEUM OF NURSING HISTORY,image/jpeg,MUSEUM OF NURSING HISTORY,MUSEUM OF NURSING HISTORY,,1900 W OLNEY AVENUE,PHILADELPHIA,PA,19141,19141,,,,,,2158314760,HTTP://WWW.NURSINGHISTORY.ORG,MUSEUM OF NURSING HISTORY,201412,0,0,0,1900 W OLNEY AVE,PHILADELPHIA,PA,19141-1108,201402,,,,,-75.15246,40.03947,2,2,1,42,101,1900 W OLNEY AVE,PHILADELPHIA,PA,19141-1108,19141
8404201693,HST,demo_001.jpg,WELLS FARGO HISTORY MUSEUM,image/jpeg,WELLS FARGO HISTORY MUSEUM,,,123 SOUTH BROAD STREET,PHILADELPHIA,PA,10190,10190,123 SOUTH BROAD STREET,PHILADELPHIA,PA,10190,10190,2156706123,,,,,,,,,,,,,,,,-75.1638,39.95065,2,2,1,42,101,123 SOUTH BROAD STREET,PHILADELPHIA,PA,10190,10190
8409401154,HST,demo_001.jpg,MUSEUM OF THE AMERICAN REVOLUTION,image/jpeg,NATIONAL CENTER FOR THE AMERICAN REVOLUTION,THE AMERICAN REVOLUTION CENTER,,123 CHESTNUT ST SUITE 401,PHILADELPHIA,PA,19106,19106,123 CHESTNUT ST SUITE 401,PHILADELPHIA,PA,19106,19106,,HTTP://WWW.AMREVMUSEUM.ORG,,,,,,,,,,200301,,,,,-75.14361,39.94852,2,2,1,42,101,123 CHESTNUT ST SUITE 401,PHILADELPHIA,PA,19106,19106
8409500146,ZAW,demo_001.jpg,PHILADELPHIA ZOO,image/jpeg,PHILADELPHIA ZOO,,,3400 WEST GIRARD AVENUE,PHILADELPHIA,PA,19104-1196,19104,3400 WEST GIRARD AVENUE,PHILADELPHIA,PA,19104-1196,19104,2152431100,HTTP://WWW.PHILADELPHIAZOO.ORG,ZOOLOGICAL SOCIETY OF PHILADELPHIA,201402,9,67543924,48422307,3400 W GIRARD AVE,PHILADELPHIA,PA,19104-1139,194210,,,,,-75.19549,39.97509,2,2,1,42,101,3400 WEST GIRARD AVENUE,PHILADELPHIA,PA,19104-1196,19104
8409500804,SCI,demo_001.jpg,PLANETARIUM,image/jpeg,PLANETARIUM,,,211 S COLUMBUS BLVD & WALNUT ST,PHILADELPHIA,PA,19106,19106,211 S COLUMBUS BLVD & WALNUT ST,PHILADELPHIA,PA,19106,19106,,HTTP://WWW.PHILLYSEAPORT.ORG,,,,,,,,,,,,,,,-75.14765,39.94998,2,2,1,42,,211 S COLUMBUS BLVD & WALNUT ST,PHILADELPHIA,PA,19106,19106
8409501097,NAT,demo_001.jpg,ACADEMY OF NATURAL SCIENCES OF DREXEL UNIVERSITY,image/jpeg,DREXEL UNIVERSITY,,,1900 BENJAMIN FRANKLIN PARKWAY,PHILADELPHIA,PA,19103,19103,,,,,,2152991000,HTTP://WWW.ANSP.ORG/,DREXEL UNIVERSITY,201306,9,1014902481,938599729,3201 ARCH ST STE 400,PHILADELPHIA,PA,19104-2755,192708,212054,DREXEL UNIVERSITY,PHILADELPHIA,PA,-75.18805,39.95789,2,2,1,42,101,3201 ARCH ST STE 400,PHILADELPHIA,PA,19104-2755,19104
8409501191,NAT,demo_001.jpg,UNIVERSITY PENNSYLVANIA MUSEUM OF ARCHAEOLOGY AND ANTHROPOLOGY,image/jpeg,TRUSTEES OF THE UNIVERSITY OF PENNSYLVANIA,,,3260 SOUTH ST,PHILADELPHIA,PA,19104,19104,,,,,,2158984000,HTTP://WWW.PENN.MUSEUM/,TRUSTEES OF THE UNIVERSITY OF PENNSYLVANIA,201306,9,14857041004,0,3451 WALNUT ST RM 308,PHILADELPHIA,PA,19104-6205,194010,215062,UNIVERSITY OF PENNSYLVANIA,PHILADELPHIA,PA,-75.19276,39.95298,2,2,1,42,101,3451 WALNUT ST RM 308,PHILADELPHIA,PA,19104-6205,19104
8409501225,HST,demo_001.jpg,MARVIN SAMSON CENTER FOR THE HISTORY OF PHARMACY,image/jpeg,UNIVERSITY OF THE SCIENCES IN PHILADELPHIA,,,600 SOUTH 43RD STREET,PHILADELPHIA,PA,19104,19104,,,,,,2155968721,HTTP://WWW.USCIENCES.EDU/MUSEUM/,UNIVERSITY OF THE SCIENCES IN PHILADELPHIA,201406,9,144323204,127844381,600 S 43RD ST,PHILADELPHIA,PA,19104-4495,198206,215132,UNIVERSITY OF THE SCIENCES,PHILADELPHIA,PA,-75.20704,39.94689,2,2,1,42,101,600 S 43RD ST,PHILADELPHIA,PA,19104-4495,19104
8409501244,HST,demo_001.jpg,WEAVER HISTORICAL DENTAL MUSEUM,image/jpeg,TEMPLE UNIVERSITY-OF THE COMMONWEALTH SYSTEM OF HIGHER EDUC,,,3223 NORTH BROAD STREET,PHILADELPHIA,PA,19140,19140,,,,,,2157072816,,TEMPLE UNIVERSITY-OF THE COMMONWEALTH SYSTEM OF HIGHER EDUC,201306,9,2148727000,1404695000,1805 N BROAD ST WACHMAN,PHILADELPHIA,PA,19122-0000,192608,216339,TEMPLE UNIVERSITY,PHILADELPHIA,PA,-75.14631,39.97592,2,2,1,42,101,1805 N BROAD ST WACHMAN,PHILADELPHIA,PA,19122-0000,19122
8409502356,BOT,demo_001.jpg,MORRIS ARBORETUM OF THE UNIVERSITY OF PENNSLVANIA,image/jpeg,TRUSTEES OF THE UNIVERSITY OF PENNSYLVANIA,,,100 E NORTHWESTERN AVE,PHILADELPHIA,PA,19118,19118,,,,,,2152475777,,TRUSTEES OF THE UNIVERSITY OF PENNSYLVANIA,201306,9,14857041004,0,3451 WALNUT ST RM 308,PHILADELPHIA,PA,19104-6205,194010,215062,UNIVERSITY OF PENNSYLVANIA,PHILADELPHIA,PA,-75.19276,39.95298,2,2,1,42,101,3451 WALNUT ST RM 308,PHILADELPHIA,PA,19104-6205,19104
8409502794,ART,demo_001.jpg,ARTHUR ROSS GALLERY,image/jpeg,TRUSTEES OF THE UNIVERSITY OF PENNSYLVANIA,,,34TH & SPRUCE STREET,PHILADELPHIA,PA,19104,19104,,,,,,,,TRUSTEES OF THE UNIVERSITY OF PENNSYLVANIA,201306,9,14857041004,0,3451 WALNUT ST RM 308,PHILADELPHIA,PA,19104-6205,194010,215062,UNIVERSITY OF PENNSYLVANIA,PHILADELPHIA,PA,-75.19276,39.95298,2,2,1,42,101,3451 WALNUT ST RM 308,PHILADELPHIA,PA,19104-6205,19104
8409502808,ART,demo_001.jpg,GALLERIES AT MOORE COLLEGE OF ART AND DESIGN,image/jpeg,MOORE COLLEGE OF ART AND DESIGN,,,20TH AND THE PARKWAY,PHILADELPHIA,PA,19103,19103,,,,,,,,MOORE COLLEGE OF ART AND DESIGN,201406,8,22682057,23400556,20TH STREET AND THE PARK,PHILADELPHIA,PA,19103-0000,193412,214148,MOORE COLLEGE OF ART AND DESIGN,PHILADELPHIA,PA,-75.17835,39.94712,2,2,1,42,,20TH STREET AND THE PARK,PHILADELPHIA,PA,19103-0000,19103
8409503098,ART,demo_001.jpg,DWIGHT V. DOWLEY GALLERY,image/jpeg,CHESNUT HILL COLLEGE OF THE SISTERS OF ST JOSEPH,,,9601 GERMANTOWN AVENUE,PHILADELPHIA,PA,19118,19118,,,,,,2152487042,,CHESNUT HILL COLLEGE OF THE SISTERS OF ST JOSEPH,201406,9,55742530,53757627,9601 GERMANTOWN AVE,PHILADELPHIA,PA,19118-2643,194111,211583,CHESTNUT HILL COLLEGE,PHILADELPHIA,PA,-75.22657,40.08427,2,2,1,42,101,9601 GERMANTOWN AVE,PHILADELPHIA,PA,19118-2643,19118
8409503120,ART,demo_001.jpg,ELKINS PARK CAMPUS GALLERY,image/jpeg,TEMPLE UNIVERSITY-OF THE COMMONWEALTH SYSTEM OF HIGHER EDUC,,,1801 NORTH BROAD STREET,PHILADELPHIA,PA,19122,19122,,,,,,,HTTP://TYLER.TEMPLE.EDU/,TEMPLE UNIVERSITY-OF THE COMMONWEALTH SYSTEM OF HIGHER EDUC,201306,9,2148727000,1404695000,1805 N BROAD ST WACHMAN,PHILADELPHIA,PA,19122-0000,192608,216339,TEMPLE UNIVERSITY,PHILADELPHIA,PA,-75.14631,39.97592,2,2,1,42,101,1805 N BROAD ST WACHMAN,PHILADELPHIA,PA,19122-0000,19122
8409503312,ART,demo_001.jpg,GILROY ROBERTS GALLERY,image/jpeg,GILROY ROBERTS GALLERY,,,1700 SPRING GARDEN STREET,PHILADELPHIA,PA,19130,19130,,,,,,2157518042,HTTP://WWW.CCP.EDU/CAMPUS-LIFE/ART-AROUND-COLLEGE/GILROY-ROBERTS-GALLERY,,,,,,,,,,,215239,COMMUNITY COLLEGE OF PHILADELPHIA,PHILADELPHIA,PA,-75.16627,39.9629,2,2,1,42,101,1700 SPRING GARDEN STREET,PHILADELPHIA,PA,19130,19130
8409503445,ART,demo_001.jpg,INSTITUTE OF CONTEMPORARY ART,image/jpeg,TRUSTEES OF THE UNIVERSITY OF PENNSYLVANIA,,,34TH & SPRUCE STREET,PHILADELPHIA,PA,19104,19104,,,,,,,,TRUSTEES OF THE UNIVERSITY OF PENNSYLVANIA,201306,9,14857041004,0,3451 WALNUT ST RM 308,PHILADELPHIA,PA,19104-6205,194010,215062,UNIVERSITY OF PENNSYLVANIA,PHILADELPHIA,PA,-75.19276,39.95298,2,2,1,42,101,3451 WALNUT ST RM 308,PHILADELPHIA,PA,19104-6205,19104
8409503751,ART,demo_001.jpg,MUSEUM OF AMERICAN ART,image/jpeg,PENNSYLVANIA ACADEMY OF THE FINE ARTS,PENNSYLVANIA ACADEMY OF THE FINE ARTS,,118 NORTH BROAD STREET,PHILADELPHIA,PA,19102,19102,,,,,,2159727600,HTTPS://WWW.PAFA.ORG/,PENNSYLVANIA ACADEMY OF THE FINE ARTS,201306,8,20260676,16622377,128 N BROAD ST,PHILADELPHIA,PA,19102-1424,192812,214971,PENNSYLVANIA ACADEMY OF THE FINE ARTS,PHILADELPHIA,PA,-75.16304,39.95562,2,2,1,42,101,128 N BROAD ST,PHILADELPHIA,PA,19102-1424,19102
8409503971,ART,demo_001.jpg,ROSENWALD-WOLD GALLERY,image/jpeg,UNIVERSITY OF THE ARTS,,,333 SOUTH BROAD STREET,PHILADELPHIA,PA,19107,19107,,,,,,2157176480,HTTP://WWW.UARTS.EDU/ABOUT/ROSENWALD-WOLF-GALLERY,UNIVERSITY OF THE ARTS,201406,9,106076848,98850858,320 S BROAD ST,PHILADELPHIA,PA,19102-4901,196409,215105,UNIVERSITY OF THE ARTS,PHILADELPHIA,PA,-75.16555,39.94597,2,2,1,42,101,320 S BROAD ST,PHILADELPHIA,PA,19102-4901,19102
8409504203,ART,demo_001.jpg,TYLER GALLERY,image/jpeg,TEMPLE UNIVERSITY-OF THE COMMONWEALTH SYSTEM OF HIGHER EDUC,,,2001 NORTH 13TH STREET,PHILADELPHIA,PA,19122,19122,,,,,,2157779000,HTTP://TYLER.TEMPLE.EDU/,TEMPLE UNIVERSITY-OF THE COMMONWEALTH SYSTEM OF HIGHER EDUC,201306,9,2148727000,1404695000,1805 N BROAD ST WACHMAN,PHILADELPHIA,PA,19122-0000,192608,216339,TEMPLE UNIVERSITY,PHILADELPHIA,PA,-75.14631,39.97592,2,2,1,42,101,1805 N BROAD ST WACHMAN,PHILADELPHIA,PA,19122-0000,19122
8409504244,ART,demo_001.jpg,UNIVERSITY GALLERY,image/jpeg,ST JOSEPHS UNIVERSITY,,,5600 CITY AVENUE,PHILADELPHIA,PA,19131,19131,,,,,,,,ST JOSEPHS UNIVERSITY,201405,9,310576371,307891910,5600 CITY AVE,PHILADELPHIA,PA,19131-1308,201011,215770,SAINT JOSEPH'S UNIVERSITY,PHILADELPHIA,PA,-75.23897,39.99525,2,2,1,42,101,5600 CITY AVE,PHILADELPHIA,PA,19131-1308,19131
8409504367,ART,demo_001.jpg,WOODMERE ART MUSEUM,image/jpeg,CHESNUT HILL COLLEGE OF THE SISTERS OF ST JOSEPH,,,9201 GERMANTOWN AVENUE,PHILADELPHIA,PA,19118,19118,,,,,,2152487183,,CHESNUT HILL COLLEGE OF THE SISTERS OF ST JOSEPH,201406,9,55742530,53757627,9601 GERMANTOWN AVE,PHILADELPHIA,PA,19118-2643,194111,211583,CHESTNUT HILL COLLEGE,PHILADELPHIA,PA,-75.22657,40.08427,2,2,1,42,101,9601 GERMANTOWN AVE,PHILADELPHIA,PA,19118-2643,19118
8409503554,ART,demo_001.jpg,LA SALLE UNIVERSITY ART MUSEUM,image/jpeg,LA SALLE UNIVERSITY,,,1900 WEST OLNEY AVENUE,PHILEDELPHIA,PA,19141,19141,,,,,,2159511221,,LA SALLE UNIVERSITY,201405,9,222169070,201702793,1900 W OLNEY AVE,PHILADELPHIA,PA,19141-1108,194403,213367,LA SALLE UNIVERSITY,PHILADELPHIA,PA,-75.15246,40.03947,2,2,1,42,101,1900 W OLNEY AVE,PHILADELPHIA,PA,19141-1108,19141
8404200035,GMU,demo_001.jpg,STENTON MUSEUM,image/jpeg,STENTON MUSEUM,,,4601 NORTH 18TH STREET,PHILADELPHIA,PA,19140-1026,19140,,,,,,2153297312,HTTP://STENTON.ORG/,,,,,,,,,,,,,,,-75.15451,40.02379,2,2,1,42,101,4601 NORTH 18TH STREET,PHILADELPHIA,PA,19140-1026,19140
8404200068,GMU,demo_001.jpg,RODIN MUSEUM,image/jpeg,RODIN MUSEUM,,,BENJAMIN FRANKLIN PKWY,PHILADELPHIA,PA,19103,19103,2154 BENJAMIN FRANKLIN PKWY,PHILADELPHIA,PA,19103,19103,2157638100,HTTP://WWW.RODINMUSEUM.ORG/,,,,,,,,,,,,,,,-75.17835,39.94712,2,2,1,42,,2154 BENJAMIN FRANKLIN PKWY,PHILADELPHIA,PA,19103,19103
8404200095,GMU,demo_001.jpg,ROSENBACH MUSEUM & LIBRARY,image/jpeg,ROSENBACH MUSEUM & LIBRARY,,,2010 DELANCEY PLACE,PHILADELPHIA,PA,19103-6584,19103,,,,,,,,,,,,,,,,,,,,,,-75.17501,39.94728,2,2,1,42,101,2010 DELANCEY PLACE,PHILADELPHIA,PA,19103-6584,19103
8404200114,GMU,demo_001.jpg,NATIONAL MUSEUM OF MURALS AND MOSAICS,image/jpeg,NATIONAL MUSEUM OF MURALS AND MOSAICS,,,748 S FRONT ST,PHILADELPHIA,PA,19147,19147,,,,,,2159238891,,,,,,,,,,,,,,,,-75.14466,39.93866,2,2,1,42,101,748 S FRONT ST,PHILADELPHIA,PA,19147,19147
8404200123,GMU,demo_001.jpg,NEW AFRICA CENTER,image/jpeg,NEW AFRICA CENTER,,,4243 LANCASTER AVE,PHILADELPHIA,PA,19104,19104,,,,,,2152220520,,,,,,,,,,,,,,,,-75.20876,39.96744,2,2,1,42,101,4243 LANCASTER AVE,PHILADELPHIA,PA,19104,19104
8404200126,GMU,demo_001.jpg,MARVIN SAMSON PHARMACY MUSEUM,image/jpeg,MARVIN SAMSON FOUNDATION,,,600 S 43RD ST,PHILADELPHIA,PA,19104,19104,,,,,,2155968721,HTTP://WWW.USIP.EDU/MUSEUM/,MARVIN SAMSON FOUNDATION,201312,5,951892,,PO BOX 2730,CHERRY HILL,NJ,08034-0236,200307,,,,,-74.9818,39.89695,2,2,2,34,7,PO BOX 2730,CHERRY HILL,NJ,08034-0236,8034
8404200128,GMU,demo_001.jpg,MUTTER MUSEUM,image/jpeg,MUTTER MUSEUM,,,19 S 22ND STREET,PHILADELPHIA,PA,19103,19103,,,,,,2155633737,HTTP://WWW.COLLEGEOFPHYSICIANS.ORG/,,,,,,,,,,,,,,,-75.1767,39.95343,2,2,1,42,101,19 S 22ND STREET,PHILADELPHIA,PA,19103,19103
8404200129,GMU,demo_001.jpg,MARIO LANZA INSTITUTE,image/jpeg,MARIO LANZA INSTITUTE,,,712 MONTROSE ST,PHILADELPHIA,PA,19147,19147,,,,,,2153340529,,MARIO LANZA INSTITUTE,201312,3,42465,20350,712 MONTROSE ST,PHILADELPHIA,PA,19147-3944,198903,,,,,-75.15611,39.93765,2,2,1,42,101,712 MONTROSE ST,PHILADELPHIA,PA,19147-3944,19147
8404200161,GMU,demo_001.jpg,JIC HOLOCAUST AWARENESS MUSEUM,image/jpeg,JIC HOLOCAUST AWARENESS MUSEUM,,,10100 JAMISON AVE,PHILADELPHIA,PA,19116,19116,,,,,,2154644701,HTTP://WWW.HOLOCAUSTAWARENESSMUSEUM.ORG,,,,,,,,,,,,,,,-75.02123,40.10054,2,2,1,42,101,10100 JAMISON AVE,PHILADELPHIA,PA,19116,19116
8404200205,GMU,demo_001.jpg,FRANKLIN INSTITUTE DISCOVERY CAMP,image/jpeg,FRANKLIN INSTITUTE DISCOVERY CAMP,,,20 BENJ FRANKLIN PKWY,PHILADELPHIA,PA,19102,19102,222 NORTH 20TH STREET,PHILADELPHIA,PA,19102,19102,2154481200,HTTPS://WWW.FI.EDU/DISCOVERY-CAMP-PROGRAMS,,,,,,,,,,,,,,,-75.1724,39.95775,2,2,1,42,101,222 NORTH 20TH STREET,PHILADELPHIA,PA,19102,19102
8404200214,GMU,demo_001.jpg,FAIRMONT HORTICULTURAL CENTER,image/jpeg,FAIRMONT HORTICULTURAL CENTER,,,100 N HORTICULTURAL DR,PHILADELPHIA,PA,19131,19131,,,,,,2156850096,,,,,,,,,,,,,,,,-75.22455,39.98741,2,2,1,42,,100 N HORTICULTURAL DR,PHILADELPHIA,PA,19131,19131
8404200219,GMU,demo_001.jpg,CENTER FOR THE HISTORY OF FOOTCARE & FOOTWEAR,image/jpeg,TEMPLE UNIVERSITY SCHOOL OF PODIATRIC MEDICINE FOUNDATION,,,PENNSYLVANIA COLLEGE OF PODIATRIC MEDICINE 8TH STREET AT RACE,PHILADELPHIA,PA,19107,19107,148 NORTH 8TH STREET,PHILADELPHIA,PA,19107,19107,8002203338,HTTP://PODIATRY.TEMPLE.EDU/,TEMPLE UNIVERSITY SCHOOL OF PODIATRIC MEDICINE FOUNDATION,201406,3,39228,38431,EIGHTH AND RACE STREETS,PHILADELPHIA,PA,19107-0000,199907,,,,,-75.15297,39.95431,2,2,1,42,101,148 NORTH 8TH STREET,PHILADELPHIA,PA,19107,19107
8404200242,GMU,demo_001.jpg,CIVIL WAR LIBRARY AND MUSEUM,image/jpeg,CIVIL WAR LIBRARY AND MUSEUM,,,1805 PINE ST,PHILADELPHIA,PA,19103,19103,,,,,,2157358196,,,,,,,,,,,,,,,,-75.17197,39.94662,2,2,1,42,101,1805 PINE ST,PHILADELPHIA,PA,19103,19103
8404200252,GMU,demo_001.jpg,CEDAR GROVE MUSEUM,image/jpeg,CEDAR GROVE MUSEUM,,,LANSDOWNE DR,PHILADELPHIA,PA,19121,19121,,,,,,2157638112,,,,,,,,,,,,,,,,-75.17157,39.9791,2,2,1,42,101,LANSDOWNE DR,PHILADELPHIA,PA,19121,19121
8404200258,GMU,demo_001.jpg,BENJAMIN FRANKLIN TERCENTENARY,image/jpeg,BENJAMIN FRANKLIN TERCENTENARY,,,1320 LOCUST ST,PHILADELPHIA,PA,19107,19107,135 SOUTH 18TH STREET,PHILADELPHIA,PA,19107,19107,2155453870,,,,,,,,,,,,,,,,-75.17061,39.95035,2,2,1,42,101,135 SOUTH 18TH STREET,PHILADELPHIA,PA,19107,19107
8404200273,GMU,demo_001.jpg,ARCHITECTURAL ARCHIVES,image/jpeg,ARCHITECTURAL ARCHIVES,,,UNIV OF PA 102 MEYERSON HALL,PHILADELPHIA,PA,19104-6311,19104,220 SOUTH 34TH STREET,PHILADELPHIA,PA,19104-6311,19104,2158988323,HTTPS://WWW.DESIGN.UPENN.EDU/ARCHITECTURAL-ARCHIVES/ABOUT,,,,,,,,,,,,,,,-75.19265,39.95212,2,2,1,42,101,220 SOUTH 34TH STREET,PHILADELPHIA,PA,19104-6311,19104
8404200276,GMU,demo_001.jpg,ATWATER KENT MUSEUM PA,image/jpeg,ATWATER KENT MUSEUM PA,,,3500 SCOTTS LN,PHILADELPHIA,PA,19129,19129,,,,,,2158431713,,,,,,,,,,,,,,,,-75.18758,40.00699,2,2,1,42,101,3500 SCOTTS LN,PHILADELPHIA,PA,19129,19129
8404200286,GMU,demo_001.jpg,PHILADELPHIA SPORTS HALL OF FAME,image/jpeg,PHILADELPHIA SPORTS HALL OF FAME FOUNDATION,,,919 N 5TH ST,PHILADELPHIA,PA,19123-1401,19123,2701 GRANT AVENUE   ,PHILADELPHIA,PA,19123-1401,19123,2152545049,HTTP://WWW.PHILLYHALL.ORG/CONTACT.ASP,PHILADELPHIA SPORTS HALL OF FAME FOUNDATION,201312,3,71271,71271,410 WAVERLY RD,WYNCOTE,PA,19095-1212,200304,,,,,-75.01812,40.07572,2,2,1,42,101,2701 GRANT AVENUE   ,PHILADELPHIA,PA,19123-1401,19123
8404200291,GMU,demo_001.jpg,SLOUGHT FOUNDATION,image/jpeg,SLOUGHT FOUNDATION,,,4017 WALNUT ST,PHILADELPHIA,PA,19104-3513,19104,,,,,,2157014627,HTTPS://SLOUGHT.ORG/,SLOUGHT FOUNDATION,201410,2,23520,23520,4017 WALNUT ST,PHILADELPHIA,PA,19104-3513,200308,,,,,-75.20294,39.95424,2,2,1,42,101,4017 WALNUT ST,PHILADELPHIA,PA,19104-3513,19104
8404200422,GMU,demo_001.jpg,WOOD TURNING CENTER,image/jpeg,CENTER FOR ART IN WOOD INC,WOOD TURNING CENTER,,501 VINE ST,PHILADELPHIA,PA,19106-1002,19106,,,,,,2159238000,HTTP://WWW.WOODTURNINGCENTER.ORG,CENTER FOR ART IN WOOD INC,201312,6,2855420,2773641,141 N 3RD ST,PHILADELPHIA,PA,19106-1913,198704,,,,,-75.14494,39.95308,2,2,1,42,101,141 N 3RD ST,PHILADELPHIA,PA,19106-1913,19106
8404200423,GMU,demo_001.jpg,POLISH AMERICAN CULTURAL CENTER,image/jpeg,POLISH AMERICAN CULTURAL CENTER INC,,,308 WALNUT ST,PHILADELPHIA,PA,19106-3808,19106,,,,,,2159221700,,,,,,,,,,,,,,,,-75.14679,39.94697,2,2,1,42,101,308 WALNUT ST,PHILA,PA,19106-3808,19106
8404200428,GMU,demo_001.jpg,SAFE MUSEUM,image/jpeg,FREDERICK A SIMEONE M D FOUNDATION INC,,,6825 NORWITCH DR,PHILADELPHIA,PA,19153-3412,19153,,,,,,2153657233,,FREDERICK A SIMEONE M D FOUNDATION INC,201311,6,4152574,,6825 NORWITCH DR,PHILADELPHIA,PA,19153-3412,199804,,,,,-75.22643,39.90961,2,2,1,42,101,6825 NORWITCH DR,PHILADELPHIA,PA,19153-3412,19153
8404200431,GMU,demo_001.jpg,ATHENAEUM OF PHILADELPHIA,image/jpeg,ATHENAEUM OF PHILADELPHIA,ATHENAEUM OF PHILADELPHIA,,219 S 6TH ST,PHILADELPHIA,PA,19106-3719,19106,,,,,,2159252688,HTTP://WWW.PHILAATHENAEUM.ORG,ATHENAEUM OF PHILADELPHIA,201406,6,2286038,1934169,219 S 6TH ST,PHILADELPHIA,PA,19106-3719,192708,,,,,-75.15119,39.94681,2,2,1,42,101,219 S 6TH ST,PHILADELPHIA,PA,19106-3719,19106
8404200451,GMU,demo_001.jpg,RODEPH SHALOM CONGREGATION,image/jpeg,RODEPH SHALOM CONGREGATION,RODEPH SHALOM CONGREGATION,,615 N BROAD ST,PHILADELPHIA,PA,19123-2417,19123,,,,,,2156276747,HTTP://WWW.RODEPHSHALOM.ORG,RODEPH SHALOM CONGREGATION,,0,,,615 N BROAD ST,PHILADELPHIA,PA,19123-2417,193507,,,,,-75.16067,39.96378,2,2,1,42,101,615 N BROAD ST,PHILADELPHIA,PA,19123-2417,19123
8404200457,GMU,demo_001.jpg,WAGNER FREE INSTITUTE OF SCIENCE,image/jpeg,WAGNER FREE INSTITUTE OF SCIENCE,,,1700 W MONTGOMERY AVE,PHILADELPHIA,PA,19121-3227,19121,,,,,,2157636529,HTTP://WWW.WAGNERFREEINSTITUTE.ORG,WAGNER FREE INSTITUTE OF SCIENCE,201312,5,976503,735802,1700 W MONTGOMERY AVE,PHILADELPHIA,PA,19121-3227,191803,,,,,-75.16317,39.98085,2,2,1,42,101,1700 W MONTGOMERY AVE,PHILADELPHIA,PA,19121-3227,19121
8404200484,GMU,demo_001.jpg,INDEPENDENCE SEAPORT MUSEUM,image/jpeg,INDEPENDENCE SEAPORT MUSEUM,,,211 S COLUMBUS BLVD,PHILADELPHIA,PA,19106-3101,19106,,,,,,2154138655,HTTP://WWW.PHILLYSEAPORT.ORG,INDEPENDENCE SEAPORT MUSEUM,201312,6,4795407,2518072,211 S COLUMBUS BLVD,PHILADELPHIA,PA,19106-3101,196104,,,,,-75.14213,39.94463,2,2,1,42,101,211 S COLUMBUS BLVD,PHILADELPHIA,PA,19106-3101,19106
8404200502,GMU,demo_001.jpg,AFRICAN AMERICAN MUSEUM IN PHILADELPHIA,image/jpeg,AFRICAN AMERICAN MUSEUM IN,,,701 ARCH STREET,PHILADELPHIA,PA,32963-1807,19106,,,,,,2155740830,HTTP://WWW.AAMPMUSEUM.ORG,AFRICAN AMERICAN MUSEUM IN,201306,6,2102723,1974380,NW CORNER 7TH ARCH STS,PHILADELPHIA,PA,19106-0000,197512,,,,,-75.14765,39.94998,2,2,1,42,,NW CORNER 7TH ARCH STS,PHILADELPHIA,PA,19106-0000,19106
8404200503,GMU,demo_001.jpg,TALLER PUERTORRIQUENO,image/jpeg,TALLER PUERTORRIQUENO INC,,,2721 N 5TH ST,PHILADELPHIA,PA,19133-2702,19133,,,,,,2154263311,HTTP://TALLERPR.ORG/,TALLER PUERTORRIQUENO INC,201306,5,737262,730685,2721 N 5TH ST,PHILADELPHIA,PA,19133-2702,197806,,,,,-75.13998,39.99261,2,2,1,42,101,2721 N 5TH ST,PHILADELPHIA,PA,19133-2702,19133
8404200508,GMU,demo_001.jpg,MUMMERS MUSEUM,image/jpeg,MUMMERS MUSEUM,,,1100 S 2ND ST,PHILADELPHIA,PA,19147-5411,19147,,,,,,2153363050,HTTP://MUMMERSMUSEUM.COM/,MUMMERS MUSEUM,201312,4,184642,159292,1100 S 2ND ST,PHILADELPHIA,PA,19147-5411,197505,,,,,-75.1474,39.93364,2,2,1,42,101,1100 S 2ND ST,PHILADELPHIA,PA,19147-5411,19147
8404200530,GMU,demo_001.jpg,FABRIC WORKSHOP,image/jpeg,THE FABRIC WORKSHOP AND MUSEUM,FABRIC WORKSHOP,,1315 CHERRY ST 5TH FL,PHILADELPHIA,PA,19107-2013,19107,1214 ARCH ST,PHILADELPHIA,PA,19107-2013,19107,2155681111,HTTP://WWW.FABRICWORKSHOPANDMUSEUM.ORG,THE FABRIC WORKSHOP AND MUSEUM,201309,6,2367909,1897889,1214 ARCH ST,PHILADELPHIA,PA,19107-2816,197708,,,,,-75.16066,39.95376,2,2,1,42,101,1214 ARCH ST,PHILADELPHIA,PA,19107-2013,19107
8404200542,GMU,demo_001.jpg,CONSERVATION CENTER FOR ART & HISTORIC ARTIFACTS,image/jpeg,CONSERVATION CENTER FOR ART AND HISTORIC ARTIFACTS,,,100 N INDEPENDENCE MALL,PHILADELPHIA,PA,19106-1521,19106,264 SOUTH 23RD STREET,PHILADELPHIA,PA,19106-1521,19106,2155450613,HTTP://WWW.CCAHA.ORG,CONSERVATION CENTER FOR ART AND HISTORIC ARTIFACTS,201312,6,2940233,2925364,264 S 23RD ST,PHILADELPHIA,PA,19103-5530,197712,,,,,-75.17915,39.94949,2,2,1,42,101,264 SOUTH 23RD STREET,PHILADELPHIA,PA,19106-1521,19106
8404200586,GMU,demo_001.jpg,ELECTRIC CITY TROLLEY MUSEUM,image/jpeg,ELECTRIC CITY TROLLEY MUSEUM ASSOCIATION,,,PO BOX 7285,PHILADELPHIA,PA,19101-7285,19101,300 CLIFF ST,SCRANTON,PA,19101-7285,19101,5709636590,HTTP://WWW.ECTMA.ORG/,ELECTRIC CITY TROLLEY MUSEUM ASSOCIATION,201412,3,93802,93686,PO BOX 20019,SCRANTON,PA,18502-0019,198201,,,,,-75.67368,41.40902,2,2,1,42,69,300 CLIFF ST,SCRANTON,PA,19101-7285,19101
8404200651,GMU,demo_001.jpg,PHILADELPHIA POLICE MEMORIAL MUSEUM,image/jpeg,PHILADELPHIA POLICE MEMORIAL MUSEUM ASSOCIATION,,,6044 TULIP STREET,PHILADELPHIA,PA,19135,19135,,,,,,,,PHILADELPHIA POLICE MEMORIAL MUSEUM ASSOCIATION,201503,0,0,0,6044 TULIP ST,PHILADELPHIA,PA,19135-4222,198905,,,,,-75.05682,40.01622,2,2,1,42,101,6044 TULIP ST,PHILADELPHIA,PA,19135-4222,19135
8404200664,GMU,demo_001.jpg,PHILADELPHIA DOLL MUSEUM,image/jpeg,PHILADELPHIA DOLL MUSEUM,,,2253 N BROAD STREET,PHILADELPHIA,PA,19132-4540,19132,,,,,,2157870220,HTTP://PHILADOLLMUSEUM.COM,PHILADELPHIA DOLL MUSEUM,201206,0,0,0,2253 N BROAD ST 1 FL,PHILADELPHIA,PA,19132-4540,199901,,,,,-75.15543,39.98765,2,2,1,42,101,2253 N BROAD ST 1 FL,PHILADELPHIA,PA,19132-4540,19132
8404200685,GMU,demo_001.jpg,MASONIC LIBRARY AND MUSEUM OF PENNSYLVANIA,image/jpeg,THE MASONIC LIBRARY AND MUSEUM OF PENNSYLVANIA,MASONIC LIBRARY AND MUSEUM OF PENNSYLVANIA,,1 N BROAD ST,PHILADELPHIA,PA,19107-2520,19107,1 N BROAD ST,PHILADELPHIA,PA,19107-2520,19107,2159881973,,THE MASONIC LIBRARY AND MUSEUM OF PENNSYLVANIA,201312,6,3102070,3054998,1 N BROAD ST,PHILA,PA,19107-2520,199009,,,,,-75.16324,39.95331,2,2,1,42,101,1 N BROAD ST,PHILADELPHIA,PA,19107-2520,19107
8404200687,GMU,demo_001.jpg,COSACOSA ART AT LARGE,image/jpeg,COSACOSA ART AT LARGE INC,,,4427 MAIN ST,PHILADELPHIA,PA,19127-1325,19127,,,,,,2154872354,HTTP://WWW.COSACOSA.ORG,COSACOSA ART AT LARGE INC,201409,4,189883,189883,4427 MAIN ST,PHILADELPHIA,PA,19127-1325,199012,,,,,-75.22556,40.02648,2,2,1,42,101,4427 MAIN ST,PHILADELPHIA,PA,19127-1325,19127
8404200782,GMU,demo_001.jpg,PHILADELPHIA AIR & SPACE MUSEUM,image/jpeg,PHILADELPHIA AIR & SPACE MUSEUM,,,1125 WALNUT ST,PHILADELPHIA,PA,19107,19107,,,,,,,,,,,,,,,,,,,,,,-75.15981,39.94905,2,2,1,42,101,1125 WALNUT ST,PHILADELPHIA,PA,19107,19107
8404200871,GMU,demo_001.jpg,ACES MUSEUM HONORING BLACK & MINORITY VETERANS OF WWII,image/jpeg,ACES A MUSEUM FOR BLACK & MINORITY WORLD WAR II VETERANS &,ACES MUSEUM HONORING BLACK AND MINORITY VETERANS OF WORLD WAR II,ACES A MUSEUM FOR BLACK & MINORITY WORLD WAR II VETERANS & F,5501 GERMANTOWN AVENUE,PHILADELPHIA,PA,19144,19144,,,,,,2158441683,,ACES A MUSEUM FOR BLACK & MINORITY WORLD WAR II VETERANS &,201312,1,6800,6800,PO BOX 9959,PHILADELPHIA,PA,19118-0959,200211,,,,,-75.20317,40.07268,2,2,1,42,101,PO BOX 9959,PHILADELPHIA,PA,19118-0959,19118
8404200874,GMU,demo_001.jpg,TIBERINO MUSEUM,image/jpeg,ELLEN POWELL TIBERINO MEMORIAL MUSEUM OF CONTEMPORARY ART,,ELLEN POWELL TIBERINO MEMORIAL MUSEUM OF CONTEMPORARY ART,3819 HAMILTON STREET,PHILADELPHIA,PA,19104-2315,19104,,,,,,,,ELLEN POWELL TIBERINO MEMORIAL MUSEUM OF CONTEMPORARY ART,201408,0,0,0,3819 HAMILTON ST,PHILADELPHIA,PA,19104-2315,200206,,,,,-75.19802,39.96163,2,2,1,42,101,3819 HAMILTON ST,PHILADELPHIA,PA,19104-2315,19104
8404200916,GMU,demo_001.jpg,MARIANI ITALIAN AMERICAN MUSEUM AND INSTITUTE,image/jpeg,MARIANI ITALIAN AMERICAN MUSEUM AND INSTITUTE,,,2615 S 18TH ST,PHILADELPHIA,PA,19145,19145,,,,,,,,,,,,,,,,,,,,,,-75.17739,39.9183,2,2,1,42,101,2615 S 18TH ST,PHILADELPHIA,PA,19145,19145
8404200940,GMU,demo_001.jpg,PHILADELPHIA SKETCH CLUB,image/jpeg,PHILADELPHIA SKETCH CLUB,,,235 S CAMAC ST,PHILADELPHIA,PA,19107-5609,19107,,,,,,2159257866,HTTP://SKETCHCLUB.ORG,PHILADELPHIA SKETCH CLUB,201405,4,149102,138563,235 S CAMAC ST,PHILADELPHIA,PA,19107-5609,199102,,,,,-75.16154,39.94726,2,2,1,42,101,235 S CAMAC ST,PHILADELPHIA,PA,19107-5609,19107
8404201045,GMU,demo_001.jpg,NATIONAL MUSEUM OF AMERICAN JEWISH HISTORY,image/jpeg,NATIONAL MUSEUM OF AMERICAN JEWISH HISTORY,NATIONAL MUSEUM OF AMERICAN JEWISH HISTORY,,101 S INDEPENDENCE MALL E,PHILADELPHIA,PA,19106-2517,19106,,,,,,2159233811,HTTP://WWW.NMAJH.ORG,NATIONAL MUSEUM OF AMERICAN JEWISH HISTORY,201306,7,6502700,5387716,101 S INDEPENDENCE MALL,PHILADELPHIA,PA,19106-2517,197409,,,,,-75.14808,39.95046,2,2,1,42,101,101 S INDEPENDENCE MALL,PHILADELPHIA,PA,19106-2517,19106
8404201047,GMU,demo_001.jpg,FIREMAN'S HALL MUSEUM,image/jpeg,PHILADELPHIA FIRE DEPARTMENT HISTORICAL CORPORATION,,,147 N SECOND STREET,PHILADELPHIA,PA,19106,19106,,,,,,2159231438,HTTP://WWW.FIREMANSHALL.ORG,PHILADELPHIA FIRE DEPARTMENT HISTORICAL CORPORATION,201312,4,210330,149363,147 N 2ND ST,PHILADELPHIA,PA,19106-2010,197407,,,,,-75.1429,39.95336,2,2,1,42,101,147 N 2ND ST,PHILADELPHIA,PA,19106-2010,19106
8404201414,GMU,demo_001.jpg,ENVISION PEACE MUSEUM,image/jpeg,ENVISION PEACE MUSEUM,,,1651 BEN FRANKLN PKWY,PHILADELPHIA,PA,19103-1222,19103,,,,,,,,ENVISION PEACE MUSEUM,201312,3,96588,96588,1501 CHERRY ST,PHILADELPHIA,PA,19102-1403,200707,,,,,-75.16508,39.95568,2,2,1,42,101,1501 CHERRY ST,PHILADELPHIA,PA,19102-1403,19102
8404201442,GMU,demo_001.jpg,PHILADELPHIA JEWISH SPORTS HALL OF FAME,image/jpeg,PHILADELPHIA JEWISH SPORTS HALL OF FAME INC,,,1601 MARKET ST STE 2600,PHILADELPHIA,PA,19103-2349,19103,,,,,,,HTTP://PHILLYJEWISHSPORTS.ORG/,PHILADELPHIA JEWISH SPORTS HALL OF FAME INC,201406,4,112869,112869,1600 MARKET ST STE 2500,PHILADELPHIA,PA,19103-7225,200809,,,,,-75.16738,39.95247,2,2,1,42,101,1600 MARKET ST STE 2500,PHILADELPHIA,PA,19103-7225,19103
8404201626,GMU,demo_001.jpg,PENN TREATY MUSEUM,image/jpeg,PENN TREATY MUSEUM INC,,,1037 SHACKAMAXON STREET,PHILADELPHIA,PA,19125-4132,19125,,,,,,,HTTP://PENNTREATYMUSEUM.ORG/WORDPRESS/,PENN TREATY MUSEUM INC,201212,0,0,0,1037 SHACKAMAXON ST,PHILADELPHIA,PA,19125-4132,200907,,,,,-75.13275,39.96787,2,2,1,42,101,1037 SHACKAMAXON ST,PHILADELPHIA,PA,19125-4132,19125
8404201651,GMU,demo_001.jpg,CENTER FOR ARCHITECTURE,image/jpeg,CENTER FOR ARCHITECTURE,,,1218 ARCH ST,PHILADELPHIA,PA,19107-2816,19107,,,,,,2155693186,HTTP://WWW.PHILADELPHIACFA.ORG,CENTER FOR ARCHITECTURE,201312,5,753895,753895,1218 ARCH STREET FIRST F,PHILADELPHIA,PA,19107-2816,200309,,,,,-75.15944,39.94991,2,2,1,42,101,1218 ARCH STREET FIRST F,PHILADELPHIA,PA,19107-2816,19107
8409400071,GMU,demo_001.jpg,BENJAMIN FRANKLIN MUSEUM,image/jpeg,BENJAMIN FRANKLIN MUSEUM,,,317 CHESTNUT ST,PHILADELPHIA,PA,19106,19106,,,,,,,,,,,,,,,,,,,,,,-75.14681,39.94906,2,2,1,42,101,317 CHESTNUT ST,PHILADELPHIA,PA,19106,19106
8409400201,GMU,demo_001.jpg,FRANKLIN COURT PRINTING OFFICE,image/jpeg,FRANKLIN COURT PRINTING OFFICE,,,318 MARKET ST,PHILADELPHIA,PA,19106,19106,,,,,,,,,,,,,,,,,,,,,,-75.14595,39.95011,2,2,1,42,101,318 MARKET ST,PHILADELPHIA,PA,19106,19106
8409400275,GMU,demo_001.jpg,INDEPENDENCE HALL,image/jpeg,INDEPENDENCE HALL,,,520 CHESTNUT ST,PHILADELPHIA,PA,19106,19106,,,,,,,,,,,,,,,,,,,,,,-75.14765,39.94998,2,2,1,42,101,520 CHESTNUT ST,PHILADELPHIA,PA,19106,19106
8409400293,GMU,demo_001.jpg,ITALIAN CULTURE & HISTORY MUSEUM OF PHILADELPHIA,image/jpeg,ITALIAN CULTURE & HISTORY MUSEUM OF PHILADELPHIA,,,610 PINE ST,PHILADELPHIA,PA,19106-4109,19106,,,,,,,,ITALIAN CULTURE & HISTORY MUSEUM OF PHILADELPHIA,,0,,,610 PINE ST,PHILADELPHIA,PA,19106-4109,201307,,,,,-75.15231,39.94388,2,2,1,42,101,610 PINE ST,PHILADELPHIA,PA,19106-4109,19106
8409400327,GMU,demo_001.jpg,LIBERTY BELL CENTER,image/jpeg,LIBERTY BELL CENTER,,,526 MARKET ST,PHILADELPHIA,PA,19106,19106,,,,,,,,,,,,,,,,,,,,,,-75.14765,39.94998,2,2,1,42,101,526 MARKET ST,PHILADELPHIA,PA,19106,19106
8409400450,GMU,demo_001.jpg,NATIONAL ARCHIVES AT PHILADELPHIA,image/jpeg,NATIONAL ARCHIVES AT PHILADELPHIA,,,14700 TOWNSEND ROAD,PHILADELPHIA,PA,19154,19154,,,,,,,,,,,,,,,,,,,,,,-74.96628,40.11766,2,2,1,42,101,14700 TOWNSEND ROAD,PHILADELPHIA,PA,19154,19154
8409400474,GMU,demo_001.jpg,NATIONAL LIBERTY MUSEUM,image/jpeg,NATIONAL LIBERTY MUSEUM,,,321 CHESTNUT ST,PHILADELPHIA,PA,19106-2707,19106,,,,,,,,NATIONAL LIBERTY MUSEUM,201312,7,6576740,4358546,321 CHESTNUT ST,PHILADELPHIA,PA,19106-2707,199509,,,,,-75.14681,39.94906,2,2,1,42,101,321 CHESTNUT ST,PHILADELPHIA,PA,19106-2707,19106
8409400583,GMU,demo_001.jpg,RYERSS LIBRARY AND MUSEUM,image/jpeg,FRIENDS OF RYERSS LIBRARY AND MUSEUM,,,7370 CENTRAL AVE,PHILADELPHIA,PA,19111-3059,19111,,,,,,,,FRIENDS OF RYERSS LIBRARY AND MUSEUM,201405,0,0,0,7370 CENTRAL AVE,PHILADELPHIA,PA,19111-3059,201504,,,,,-75.09012,40.06565,2,2,1,42,101,7370 CENTRAL AVE,PHILADELPHIA,PA,19111-3059,19111
8409501415,GMU,demo_001.jpg,DREXEL COLLECTION,image/jpeg,DREXEL UNIVERSITY,A J DREXEL PICTURE GALLERY; PECK GALLERY; RINCLIFF GALLERY,,3141 CHESTNUT STREET,PHILADELPHIA,PA,19104,19104,,,,,,2158952000,HTTP://DREXEL.EDU/DREXELCOLLECTION/,DREXEL UNIVERSITY,201306,9,1014902481,938599729,3201 ARCH ST STE 400,PHILADELPHIA,PA,19104-2755,192708,212054,DREXEL UNIVERSITY,PHILADELPHIA,PA,-75.18805,39.95789,2,2,1,42,101,3201 ARCH ST STE 400,PHILADELPHIA,PA,19104-2755,19104
8409501715,GMU,demo_001.jpg,PALEY DESIGN CENTER,image/jpeg,PHILADELPHIA UNIVERSITY,,,4201 HENRY AVENUE,PHILADELPHIA,PA,19144,19144,,,,,,2159512979,HTTP://THEDESIGNCENTER.TUMBLR.COM/#_=_,PHILADELPHIA UNIVERSITY,201306,9,133178304,131527303,4201 HENRY AVE,PHILADELPHIA,PA,19144-5409,195208,215099,PHILADELPHIA UNIVERSITY,PHILADELPHIA,PA,-75.19411,40.02232,2,2,1,42,101,4201 HENRY AVE,PHILADELPHIA,PA,19144-5409,19144